{"cameraMode":{"drawMode":0,"name":"Shaded","section":"Shading Mode"},"sceneLighting":false,"audioPlay":false,"sceneViewState":{"m_AlwaysRefresh":false,"showFog":true,"showSkybox":false,"showFlares":true,"showImageEffects":true,"showParticleSystems":true,"showVisualEffectGraphs":true,"m_FxEnabled":true},"in2DMode":false,"pivot":{"x":0.0003101229667663574,"y":0.4510412812232971,"z":0.07252228260040283},"rotation":{"x":-0.10843469202518463,"y":-0.8093615770339966,"z":0.15808996558189393,"w":-0.5551464557647705},"size":1.6711657047271729,"orthographic":true}