{"cameraMode":{"drawMode":0,"name":"Shaded","section":"Shading Mode"},"sceneLighting":true,"audioPlay":false,"sceneViewState":{"m_AlwaysRefresh":false,"showFog":true,"showSkybox":true,"showFlares":true,"showImageEffects":true,"showParticleSystems":true,"showVisualEffectGraphs":true,"m_FxEnabled":true},"in2DMode":false,"pivot":{"x":85.2696762084961,"y":259.4945068359375,"z":0.8949999809265137},"rotation":{"x":0.12783727049827577,"y":-0.15993352234363557,"z":0.02089269645512104,"w":0.9785923957824707},"size":100.77405548095703,"orthographic":true}