{"cameraMode":{"drawMode":0,"name":"Shaded","section":"Shading Mode"},"sceneLighting":false,"audioPlay":false,"sceneViewState":{"m_AlwaysRefresh":false,"showFog":true,"showSkybox":false,"showFlares":true,"showImageEffects":true,"showParticleSystems":true,"showVisualEffectGraphs":true,"m_FxEnabled":true},"in2DMode":false,"pivot":{"x":0.0005185119807720184,"y":0.0679437518119812,"z":0.0022378661669790746},"rotation":{"x":-0.013146727345883847,"y":-0.9722172021865845,"z":0.05635261908173561,"w":-0.22682203352451325},"size":0.0781283900141716,"orthographic":true}