{"cameraMode":{"drawMode":0,"name":"Shaded","section":"Shading Mode"},"sceneLighting":false,"audioPlay":false,"sceneViewState":{"m_AlwaysRefresh":false,"showFog":true,"showSkybox":false,"showFlares":true,"showImageEffects":true,"showParticleSystems":true,"showVisualEffectGraphs":true,"m_FxEnabled":true},"in2DMode":false,"pivot":{"x":-0.2786971926689148,"y":0.044790446758270267,"z":-0.5131837129592896},"rotation":{"x":0.2882832884788513,"y":-0.12166600674390793,"z":0.03695651888847351,"w":0.9490656852722168},"size":0.1019483357667923,"orthographic":false}