{"cameraMode":{"drawMode":0,"name":"Shaded","section":"Shading Mode"},"sceneLighting":false,"audioPlay":false,"sceneViewState":{"m_AlwaysRefresh":false,"showFog":true,"showSkybox":false,"showFlares":true,"showImageEffects":true,"showParticleSystems":true,"showVisualEffectGraphs":true,"m_FxEnabled":true},"in2DMode":false,"pivot":{"x":0.07012569904327393,"y":0.3141406774520874,"z":0.11045055091381073},"rotation":{"x":0.29125598073005679,"y":-0.5758679509162903,"z":0.2302747517824173,"w":0.7283676862716675},"size":1.1713840961456299,"orthographic":true}