{"cameraMode":{"drawMode":0,"name":"Shaded","section":"Shading Mode"},"sceneLighting":false,"audioPlay":false,"sceneViewState":{"m_AlwaysRefresh":false,"showFog":true,"showSkybox":false,"showFlares":true,"showImageEffects":true,"showParticleSystems":true,"showVisualEffectGraphs":true,"m_FxEnabled":true},"in2DMode":false,"pivot":{"x":0.5540000200271606,"y":0.6270662546157837,"z":0.4959999918937683},"rotation":{"x":0.10339035838842392,"y":0.4037812054157257,"z":-0.045984700322151187,"w":0.9078333973884583},"size":1.5518553256988526,"orthographic":true}