{"cameraMode":{"drawMode":0,"name":"Shaded","section":"Shading Mode"},"sceneLighting":false,"audioPlay":false,"sceneViewState":{"m_AlwaysRefresh":false,"showFog":true,"showSkybox":false,"showFlares":true,"showImageEffects":true,"showParticleSystems":true,"showVisualEffectGraphs":true,"m_FxEnabled":true},"in2DMode":false,"pivot":{"x":0.0018287133425474167,"y":0.06842201948165894,"z":0.004024537280201912},"rotation":{"x":-0.03902645781636238,"y":-0.9487835764884949,"z":0.12973760068416596,"w":-0.2854079604148865},"size":0.08066900819540024,"orthographic":true}