{"cameraMode":{"drawMode":0,"name":"Shaded","section":"Shading Mode"},"sceneLighting":false,"audioPlay":false,"sceneViewState":{"m_AlwaysRefresh":false,"showFog":true,"showSkybox":false,"showFlares":true,"showImageEffects":true,"showParticleSystems":true,"showVisualEffectGraphs":true,"m_FxEnabled":true},"in2DMode":false,"pivot":{"x":0.0008771587163209915,"y":0.07130983471870423,"z":0.0023239105939865114},"rotation":{"x":-0.048482708632946017,"y":-0.9089561104774475,"z":0.11042967438697815,"w":-0.39907020330429079},"size":1.2503176927566529,"orthographic":true}