{"cameraMode":{"drawMode":0,"name":"Shaded","section":"Shading Mode"},"sceneLighting":false,"audioPlay":false,"sceneViewState":{"m_AlwaysRefresh":false,"showFog":true,"showSkybox":false,"showFlares":true,"showImageEffects":true,"showParticleSystems":true,"showVisualEffectGraphs":true,"m_FxEnabled":true},"in2DMode":false,"pivot":{"x":0.4694104492664337,"y":0.3753248453140259,"z":0.5021030902862549},"rotation":{"x":0.7017107009887695,"y":-0.040524568408727649,"z":0.04004071652889252,"w":0.7101842761039734},"size":1.4146780967712403,"orthographic":true}